"toTokenAddress","chainName"
"0x0f0431ad9d9661bbe1ac8862243bee9ba976e747",base-mainnet
"0x12ce86498bf18bd11bf4b976f0e52e690d66802d",base-mainnet
"0x36c16863a09fa60898a1c0f7b3769728f88ded2b",base-mainnet
"0x3814cc6a474f8daa6729cfc4f9745cd386e7001e",base-mainnet
"0x080550540c7655541281995516a6aed47c847484",base-mainnet
"0x09acde9bf1eb84b4a611978e6a08f2adf0521262",base-mainnet
"0xe3086852a4b125803c815a158249ae468a3254ca",base-mainnet
"0x55cd6469f597452b5a7536e2cd98fde4c1247ee4",base-mainnet
"0x70d552751aff0e655a3e57a631b3fe70824f3582",base-mainnet
"0xab9253a78a0e85b90d531de1e11ceee9d51475c3",base-mainnet
"0x084912db2a8f6ab96722bf8dd3ccb73ef746a668",base-mainnet
"0x381896019bb6f85747e114568488bb1c42ad4d8a",base-mainnet
"0x0704aececfb4eaf3a7c196b164bd71fe53aa32a9",base-mainnet
"0x3d9dc963706fc7f60c81362d9817b00871968cb7",base-mainnet
"0x4f9fd6be4a90f2620860d680c0d4d5fb53d1a825",base-mainnet
"0x290f057a2c59b95d8027aa4abf31782676502071",base-mainnet
"0x37cbd863dc6ed2395f685459aee4bab16b16aa8a",base-mainnet
"0x504a26cf29674bc77a9341e73f88ccecc864034c",base-mainnet
"0x3f34d75da1027d20d052970c83bd4ddf8991557d",base-mainnet
"0x767a739d1a152639e9ea1d8c1bd55fdc5b217d7f",base-mainnet
"0x26f732ed652a63ae66f365936fddd2389c051b31",base-mainnet
"0x288f4eb27400fa220d14b864259ad1b7f77c1594",base-mainnet
"0xd47f3e45b23b7594f5d5e1ccfde63237c60be49e",base-mainnet
"0x2676e4e0e2eb58d9bdb5078358ff8a3a964cedf5",base-mainnet
"0xf7b0dd0b642a6ccc2fc4d8ffe2bffb0cac8c43c8",base-mainnet
"0x6b2504a03ca4d43d0d73776f6ad46dab2f2a4cfd",base-mainnet
"0x901f1d2bf312e6fa1716df603df8f86315bcb355",base-mainnet
"0x13c0b2380d21fa59abe3031d5c5e4d307cea3d48",base-mainnet
"0x2245e06fce7c6dcec333b838958e971a1d9eb8c2",base-mainnet
"0x08c13b960e6d3b623d32d2816bec073cba6206be",base-mainnet
"0xa53b0892e65cb9ab47100ce88877d68f7ba1676b",base-mainnet
"0xea87169699dabd028a78d4b91544b4298086baf6",base-mainnet
"0xc0d3700000c0e32716863323bfd936b54a1633d1",base-mainnet
"0x0b3e328455c4059eeb9e3f84b5543f74e24e7e1b",base-mainnet
"0x41814852ff87ba5cfb2751067368b2b940756baa",base-mainnet
"0x937a1cfaf0a3d9f5dc4d0927f72ee5e3e5f82a00",base-mainnet
"0x62d0b7ea8aa059f0154692435050cecedf8d3e99",base-mainnet
"0x0111892f1bdfed9873d6913da02cf89c589211b1",base-mainnet
"0x712f43b21cf3e1b189c27678c0f551c08c01d150",base-mainnet
"0x41d5c37d675774cf685ad7c28d297ca6a2cc83ab",base-mainnet
"0x1a9c2680afb69d653335dc03e93caee3d8f41c1a",base-mainnet
"0x00183034b09b2c7138289b7cfa907db2b58147f9",base-mainnet
"0x2c9f28130e695dd0f8b07c517144103fbcd1d6db",base-mainnet
"0x446235b2f1aafa34b6b43e9a4df227cc5141f5f1",base-mainnet
"0xbe29e78b18066b3bf7c70523371e0169350f6f53",base-mainnet
"0x2133031f5acbc493572c02f271186f241cd8d6a5",base-mainnet
"0x176fd46412e92ad268263cc71f5943a806345a0a",base-mainnet
"0x5a4342f4268a731f4459cd0be22d4744a86d635d",base-mainnet
"0x3080ce06eee2869e1b0287ad0de73f9421f977a3",base-mainnet
"0xdf1b1556464dad49f8b98b84da7c23c123f25007",base-mainnet
"0x2c3591a41479e66e1c09a9914a0354ebe5c564bb",base-mainnet
"0x04fb04cb83efccaa7dc4de6a357a36d002f50e28",base-mainnet
"0xdc1b8f07440ec756bf820db446314ab3d1c5fa6a",base-mainnet
"0x386c07e107ce510763d44ae5b973ae311698ebad",base-mainnet
"0x22b3e75057faebe063085ec75119726e4fe3cdb7",base-mainnet
"0x3f04dfbd75bc5bb49aeea3f8c9db11c1bb7700dd",base-mainnet
"0x0c5ae1e6eaea53223cfb98d5f5af5ce0105c33da",base-mainnet
"0x161e113b8e9bbaefb846f73f31624f6f9607bd44",base-mainnet
"0x2f6c17fa9f9bc3600346ab4e48c0701e1d5962ae",base-mainnet
"0x054bc22b1029f7ac46163047b1846beacf9e87cc",base-mainnet
"0xdc471c5c72de413e4877ced49b8bd0ce72796722",base-mainnet
"0x3ec2156d4c0a9cbdab4a016633b7bcf6a8d68ea2",base-mainnet
"0x3e221dcd1823163d6d1c3b25103dfd29e3e98294",base-mainnet
"0x5b5dee44552546ecea05edea01dcd7be7aa6144a",base-mainnet
"0x3d1fed1c13f5589c4a63088e0e21a0d915a2b816",base-mainnet
"0x23f15179db55b5bb69dade54b5a716427ef52872",base-mainnet
"0x20f4f1e2df9a60d80906f0e12eee35bd53c59517",base-mainnet
"0x76c71f1703fbf19ffdcf3051e1e684cb9934510f",base-mainnet
"0xf1a7000000950c7ad8aff13118bb7ab561a448ee",base-mainnet
"0xd31a59c85ae9d8edefec411d448f90841571b89c",ethereum-mainnet
"0xeb476e9ab6b1655860b3f40100678d0c1cedb321",base-mainnet
"0xe8903d1fa9aa85b00b12a41c965c794687c87f5c",base-mainnet
"0x06f71fb90f84b35302d132322a3c90e4477333b0",base-mainnet
"0xba1cc6e3f1c5f937497e4e196196e7535e6a8e63",base-mainnet
"0x0e83a7ae823a04787e175fb77fb2f77a56896a69",base-mainnet
"0x38b88d6568d61556d33592ad7bc24e89a7fb6691",base-mainnet
"0x3030ec4d45acd9221beca0bf40f62d46b1fd91d3",base-mainnet
"0x323ae144409a9758331f4e20cd3d24c216cfb37b",base-mainnet
"0x395e7d928f19cbcaf735358d1706d2c465b4f0d2",base-mainnet
"0x0cadb0b369689381a9006886258f71b9022e56f3",base-mainnet
"0x2db9cb68c40db9b86fd0784bf6a465bc333c2e08",base-mainnet
"0xf7e0e8c4cbc7e5d05e6b52cc90260b9818be56d7",base-mainnet
"0x3155dadaf7324c79df418a11ebdf78f926cdef91",base-mainnet
"0x23a445e0d8318b72cb0d08857d8b702f757aec64",base-mainnet
"0x3a1609cebe67c1d303954b5fb907bef36213034b",base-mainnet
"0xc0634090f2fe6c6d75e61be2b949464abb498973",base-mainnet
"0xcc4adb618253ed0d4d8a188fb901d70c54735e03",base-mainnet
"0x03b52192cac861b008d53f89240132d175bc8308",base-mainnet
"0x40e3eddf6d253bb734381a309437428f121c594b",base-mainnet
"0x397af86a35288f7a219febaab34f9b947d4d772d",base-mainnet
"0x9aa3bcf7deb222fd211829a4e34135eeabd0833c",base-mainnet
"0x46cc4e6f1ef87c937667f0259ee0f689f1cd5e31",base-mainnet
"0x34a7186ec2c5a79baf65d971b5801b8daa58101c",base-mainnet
"0xc71f88d056ce52917b1983515d7550e0ce906f0e",base-mainnet
"0x282565dde7afeb934334fcdf7ab30a8a07285180",base-mainnet
"0x93661c6635f91fa4c1b34ae86489dd08f5be89ee",base-mainnet
"0xb3b32f9f8827d4634fe7d973fa1034ec9fddb3b3",base-mainnet
"0x2e95ea20bda3c7202d7f319e8b49a8a33c7c4f9f",base-mainnet
"0xc24d52e3d3a36e9481af0715180e530cbe4667ca",ethereum-mainnet
"0x391359ab0ccef572dcac78f74e47d7c06db0b982",base-mainnet
"0x20ad9d807644fc6d89f680851253a1ddc174dc1c",base-mainnet
"0x224a21a6d3bb6fd2497731dfb2ebd052aef46776",base-mainnet
"0x18aaa7115705e8be94bffebde57af9bfc265b998",ethereum-mainnet
"0x12296323ff910c9c610e380d65b465f042ede9cf",base-mainnet
"0xc0041ef357b183448b235a8ea73ce4e4ec8c265f",base-mainnet
"0x768be13e1680b5ebe0024c42c896e3db59ec0149",base-mainnet
"0x3c8cd0db9a01efa063a7760267b822a129bc7dca",base-mainnet
"0x74e0776c273822c1a7806c54b4b83cd27f75b318",ethereum-mainnet
"0x511ef9ad5e645e533d15df605b4628e3d0d0ff53",base-mainnet
"0x215d3783a05d9059220e76aa92c6fd86ed67bfdb",base-mainnet
"0x000000000000012def132e61759048be5b5c6033",base-mainnet
"0x23d53ce3fb6042f554f2ee39c2e61dab640fe04e",base-mainnet
"0x36ede8f188161423640ad60d6930587037cd7584",base-mainnet
"0x001271375a3c926492708643205b02a5a45436cc",base-mainnet
"0x731814e491571a2e9ee3c5b1f7f3b962ee8f4870",base-mainnet
"0x32d9ab10f7651c3999af3163e2f24bf1ec3a5eef",base-mainnet
"0x5236868e865aa02019a8dfaff009a44cc3d5addf",base-mainnet
"0x5206ad49104f9dddd24a99251def837270cf1d08",base-mainnet
"0xb9d744c962e580376c5b5f2fbbe07b3498c55fec",base-mainnet
"0x0db510e79909666d6dec7f5e49370838c16d950f",base-mainnet
"0x252ef3937e65ed9aa88a2708183e7faff4f5da8f",base-mainnet
"0xba9b81c2e5ffaf5fe51c7aa6a94747e00429fe18",ethereum-mainnet
"0xb89d354ad1b0d95a48b3de4607f75a8cd710c1ba",base-mainnet
"0x0578d8a44db98b23bf096a382e016e29a5ce0ffe",base-mainnet
"0xca0c7026a290a796d264f4a3e03515172f785561",base-mainnet
"0x98d0baa52b2d063e780de12f615f963fe8537553",base-mainnet
"0x134b78e87f8531f6f46319a6b2871544b4204359",base-mainnet
"0x1d84234cee7cc2fe57394e3de28a39db20377478",base-mainnet
"0xccb365d2e11ae4d6d74715c680f56cf58bf4bf10",ethereum-mainnet
"0x09d7040d24e636588669381eee22fb31f00fa5d5",base-mainnet
"0x17acac883289a6aa15fada359e2e53d0f27caece",base-mainnet
"0x79dacb99a8698052a9898e81fdf883c29efb93cb",base-mainnet
"0xdaf8f464b1b38d640157cc62d815a72edcb19908",base-mainnet
"0x15bbf2456218d6bd585b118783acb4f8bf4e2daf",base-mainnet
"0x478e03d45716dda94f6dbc15a633b0d90c237e2f",base-mainnet
"0x1e4d14cf601bf508a3cc736778f0e0896339b446",base-mainnet
"0x3655e6c732ff205dcbcb9cb125b3c304f6d3dd52",base-mainnet
"0xcf29d2de91d04b951b0bb58a81f181bc994a015b",base-mainnet
"0x98d59767cd1335071a4e9b9d3482685c915131e8",base-mainnet
"0x60f8fcb6710480b151154a65521f3eff4ac4ceae",base-mainnet
"0x39ca2be58c803b743ead08257733ed067dbba8fe",base-mainnet
"0x2fdff9cbaef71ac289c80abb47de08647ed0b1c4",base-mainnet
"0x0028e1e60167b48a938b785aa5292917e7eaca8b",base-mainnet
"0x16d7dd01645db92ec69521f621f72a576ebe1ac0",base-mainnet
"0x54b659832f59c24cec0e4a2cd193377f1bcefc3c",base-mainnet
"0x0000000000c5dc95539589fbd24be07c6c14eca4",ethereum-mainnet
"0x0acb8f6a6f1a8df2b4846db0352caaa01d854bf8",base-mainnet
"0x09c2c08de65b5afe927236e0a2ced298c5d2feba",base-mainnet
"0x95e09a5dd88689954006cdb24685637a7ad50939",base-mainnet
"0x10c6cc47e76de3a4c81af20a823296ce4f676899",base-mainnet
"0xc655c331d1aa7f96c252f1f40ce13d80eac53504",base-mainnet
"0x174fd685e17233be891d24bb5940d4c0601e3ce7",base-mainnet
"0x4042802a128b66764aed6acbaa0066502e834382",base-mainnet
"0x403ca448dbfd462b8c625fabc29edafef82b44d0",base-mainnet
"0xef0b105b4f2ce61d2a7ae62d03b1f4cb6c4fbeec",base-mainnet
"0x17d70172c7c4205bd39ce80f7f0ee660b7dc5a23",base-mainnet
"0x23a96680ccde03bd4bdd9a3e9a0cb56a5d27f7c9",base-mainnet
"0x452867ec20dc5061056c1613db2801f512dda1c1",base-mainnet
"0xf1fc9580784335b2613c1392a530c1aa2a69ba3d",base-mainnet
"0x1185cb5122edad199bdbc0cbd7a0457e448f23c7",base-mainnet
"0xe68c6c552a2363c0b546eda749c6eadd909e2831",base-mainnet
"0xb79f3396d709cd528db7f579ea1702e5c221c6a7",base-mainnet
"0x41a188b74ffbcea2bd548644853d26ab0755cdb9",base-mainnet
"0x29e47cc8ee22edb192446aa34f67f1137e4e51d7",base-mainnet
"0x1e156785ad2b31a4750c59bd6e6d25b02feb1254",ethereum-mainnet
"0x2e9f7eb0163b1b7df3f3a346ed74bd57b3fc766b",base-mainnet
"0x40409d08e2c8ed152d925a582f0723e87f084238",base-mainnet
"0xb4d4ff3fcbd6965962a79229aa94631d394217cb",base-mainnet
"0x37fb2cfbd83dcd046f26645695f28a512a334225",base-mainnet
"0x14904701edf078fe597776b2f9d1c7568731ff23",base-mainnet
"0xab9aff6f259787300bbb16dd1fa0c622426aa169",base-mainnet
"0x8c9037d1ef5c6d1f6816278c7aaf5491d24cd527",base-mainnet
"0x054c9d4c6f4ea4e14391addd1812106c97d05690",ethereum-mainnet
"0xa4a2e2ca3fbfe21aed83471d28b6f65a233c6e00",base-mainnet
"0x2bc08a6583f9bb980f26114c6b513252942e946f",base-mainnet
"0x2b5050f01d64fbb3e4ac44dc07f0732bfb5ecadf",base-mainnet
"0xd93dc936e60e9e275cbe6f225e9c065951b9b1d4",base-mainnet
"0x6921b130d297cc43754afba22e5eac0fbf8db75b",base-mainnet
"0x55f7d29e031135513e93f07d483a47389c080a51",base-mainnet
"0x3adf956c39ef562ac842be3465e5f87d34506102",base-mainnet
"0xbaac2b4491727d78d2b78815144570b9f2fe8899",ethereum-mainnet
"0xc82a5012987631f6600ca2b7fe6c13ec251b83be",base-mainnet
"0x3a7fdaffcec305b7c5dbab618dce8be2c97b6ec5",base-mainnet
"0xf73978b3a7d1d4974abae11f696c1b4408c027a0",base-mainnet
"0x3c64248349169587ff3974f1b5298ef821a6c13e",base-mainnet
"0x20dd04c17afd5c9a8b3f2cdacaa8ee7907385bef",base-mainnet
"0x3f84d0bb91a9c74cae710e59650d088c5a643eee",base-mainnet
"0x2d57c47bc5d2432feeedf2c9150162a9862d3ccf",base-mainnet
"0xc06caead870d3a8af2504637b6c5b7248bed6116",ethereum-mainnet
"0x9a33406165f562e16c3abd82fd1185482e01b49a",base-mainnet
"0x20fd4c5396f7d9686f9997e0f10991957f7112fc",base-mainnet
"0x1cfc22860fe46a622e3c2d1c9b036412467ef4c9",base-mainnet
"0x21cfcfc3d8f98fc728f48341d10ad8283f6eb7ab",base-mainnet
"0x62574e9d339ff6c336cbf900323162de9e134611",base-mainnet
"0x0d8ecc96d98016603931b543ee55f7ec711c9a42",base-mainnet
"0x304c852e84cee377597e164429a637d481ed4d3d",base-mainnet
"0x0a8753e39d5805bab0e570dd1974ee43f90799a8",base-mainnet
"0x0b3ae50babe7ffa4e1a50569cee6bdefd4ccaee0",base-mainnet
"0x1bc0c42215582d5a085795f4badbac3ff36d1bcb",base-mainnet
"0x2e7df1528f4ea427f48b49ae8a1f78149db7185a",base-mainnet
"0x458308896eb5103d218f578125d464bc74a7539b",base-mainnet
"0xf878e27afb649744eec3c5c0d03bc9335703cfe3",base-mainnet
"0x1014fc96b37225e56f171a107bebef03800ff8f8",base-mainnet
"0x3fdd06f2cb5b6decc23d5af67223896e2f58afe6",base-mainnet
"0xabab3b0db38f2303acbcab672905e41a18e396d8",ethereum-mainnet
"0xcf3155bc7c6660ab2fec8fb3a43c49abcc9a3211",base-mainnet
"0x3156087c99f21d510a0f5b4b967b31bb4b2850e8",base-mainnet
"0x170c57f9d398cd88bf7a347875cba55ab808b2d3",base-mainnet
"0x3b3cd21242ba44e9865b066e5ef5d1cc1030cc58",base-mainnet
"0xc077efd58c840db444a18f4bb23c14a50e106bcf",base-mainnet
"0x4604151d4c98d1eea200b0d6bffb79a2613182aa",ethereum-mainnet
"0xacf80a4e55f5f28e1e7d261a221ca495db5bcbb3",base-mainnet
"0x1b23819885fce964a8b39d364b7462d6e597ae8e",base-mainnet
"0xfbe7b306acebefa4ed7a72ecb60675b92942bccc",base-mainnet
"0x940181a94a35a4569e4529a3cdfb74e38fd98631",base-mainnet
"0x3dfc9bd69149cf682bb2558f88d735baab6cecfa",base-mainnet
"0x04175b1f982b8c8444f238ac0aae59f029e21099",base-mainnet
"0x4150931ae6e60b1076bba4113b6b3ce0417ca528",base-mainnet
"0x9af595c8fc201e82db65faef71d51365d7f11b5f",ethereum-mainnet
"0xe1516a29587d12788978d450d92382617ee6def3",base-mainnet
"0x3f6b22fc45e39c1b05dbef061f99a8b976424448",base-mainnet
"0x18b6f6049a0af4ed2bbe0090319174eeef89f53a",base-mainnet
"0x3ebebdfba610277b5b3aacbc26038daf63e98c89",base-mainnet
"0x1c4cca7c5db003824208adda61bd749e55f463a3",base-mainnet
"0x4f81837c2f4a189a0b69370027cc2627d93785b4",base-mainnet
"0x1d29bc8148849a42e725d2d560ea1cc80071368c",base-mainnet
"0xec3d2537a03fc4d790aa1fc66fa7dfadc6b245fb",base-mainnet
"0x2b84c91230b216b5dc5c9f9d77e75fe609f08210",base-mainnet
"0x24da41bae4d7014ec6faf5403d2db0aa1510358d",base-mainnet
"0x22af33fe49fd1fa80c7149773dde5890d3c76f3b",base-mainnet
"0x5a34646b860485f012435e2486edb375615d1c7b",base-mainnet
"0x43c5034469bce262d32f64c5e7f9f359f5b1495f",ethereum-mainnet
"0xc0ada956d1800adfabaabea6c7827f62ef47da24",base-mainnet
"0x44551ca46fa5592bb572e20043f7c3d54c85cad7",base-mainnet
"0x04c0fc525f0057035d23ee648ad95955cf73f1ab",base-mainnet
"0x2e2cc4dfce60257f091980631e75f5c436b71c87",base-mainnet
